<polUni>
    <fvTenant name="$TENANT">
        <vnsAbsGraph name="$WEBGRAPH">
            <vnsAbsTermNodeCon name="Input11">
                <vnsAbsTermConn name="C1" />
            </vnsAbsTermNodeCon>

            <vnsAbsNode funcType="GoTo" name="ADCTier1">
                <vnsAbsFuncConn name="$WEBGRAPHout">
                    <vnsRsMConnAtt tDn="uni/infra/mDev-$VENDOR-$PRODUCT-1.0/mFunc-ADCTier1/mConn-external"/>
                </vnsAbsFuncConn>
                <vnsAbsFuncConn name="$WEBGRAPHint">
                    <vnsRsMConnAtt tDn="uni/infra/mDev-$VENDOR-$PRODUCT-1.0/mFunc-ADCTier1/mConn-intermediate"/>
                </vnsAbsFuncConn>
                <vnsRsNodeToMFunc tDn="uni/infra/mDev-$VENDOR-$PRODUCT-1.0/mFunc-ADCTier1"/>
                <vnsAbsDevCfg>
                </vnsAbsDevCfg>
                <vnsAbsFuncCfg>
                    <vnsAbsFolder key="nodename" name="ADCTier1">
                        <vnsAbsParam key="nodename" name="ADCTier1" value="ADCTier1"/>
                    </vnsAbsFolder>
                </vnsAbsFuncCfg>
            </vnsAbsNode>

            <vnsAbsNode funcType="GoTo" name="ADCTier2">
                <vnsAbsFuncConn name="$WEBGRAPHint">
                    <vnsRsMConnAtt tDn="uni/infra/mDev-$VENDOR-$PRODUCT-1.0/mFunc-ADCTier2/mConn-intermediate"/>
                </vnsAbsFuncConn>
                <vnsAbsFuncConn name="$WEBGRAPHins">
                    <vnsRsMConnAtt tDn="uni/infra/mDev-$VENDOR-$PRODUCT-1.0/mFunc-ADCTier2/mConn-internal"/>
                </vnsAbsFuncConn>
                <vnsRsNodeToMFunc tDn="uni/infra/mDev-$VENDOR-$PRODUCT-1.0/mFunc-ADCTier2"/>
                <vnsAbsDevCfg>
                </vnsAbsDevCfg>
                <vnsAbsFuncCfg>
                    <vnsAbsFolder key="nodename" name="ADCTier2">
                        <vnsAbsParam key="nodename" name="ADCTier2" value="ADCTier2"/>
                    </vnsAbsFolder>
                </vnsAbsFuncCfg>

            </vnsAbsNode>

            <vnsAbsTermNodeProv name="Output11">
                <vnsAbsTermConn name="C16" />
            </vnsAbsTermNodeProv>

            <vnsAbsConnection adjType="$CONOUT" name="CON11">
                <vnsRsAbsConnectionConns tDn="uni/tn-$TENANT/AbsGraph-$WEBGRAPH/AbsTermNodeCon-Input11/AbsTConn"/>
                <vnsRsAbsConnectionConns tDn="uni/tn-$TENANT/AbsGraph-$WEBGRAPH/AbsNode-ADCTier1/AbsFConn-$WEBGRAPHout"/>
            </vnsAbsConnection>
            <vnsAbsConnection adjType="L2" name="CON12">
                <vnsRsAbsConnectionConns tDn="uni/tn-$TENANT/AbsGraph-$WEBGRAPH/AbsNode-ADCTier1/AbsFConn-$WEBGRAPHint"/>
                <vnsRsAbsConnectionConns tDn="uni/tn-$TENANT/AbsGraph-$WEBGRAPH/AbsNode-ADCTier2/AbsFConn-$WEBGRAPHint"/>
            </vnsAbsConnection>
            <vnsAbsConnection adjType="$CONINT" name="CON13">
                <vnsRsAbsConnectionConns tDn="uni/tn-$TENANT/AbsGraph-$WEBGRAPH/AbsNode-ADCTier2/AbsFConn-$WEBGRAPHins"/>
                <vnsRsAbsConnectionConns tDn="uni/tn-$TENANT/AbsGraph-$WEBGRAPH/AbsTermNodeProv-Output11/AbsTConn"/>
            </vnsAbsConnection>
        </vnsAbsGraph>
    </fvTenant>
</polUni>
